{
	"authTokenType": "policy",
	"allowedKycAttributes": [{
		"attributeName": "fullName"
	}, {
		"attributeName": "gender"
	}, {
		"attributeName": "residenceStatus"
	}, {
		"attributeName": "dateOfBirth"
	}, {
		"attributeName": "encodedPhoto"
	}, {
		"attributeName": "email"
	}, {
		"attributeName": "phone"
	}, {
		"attributeName": "province"
	}, {
		"attributeName": "resOuPass"
	}, {
		"attributeName": "individualId"
	}],
	"allowedAuthTypes": [{
		"authSubType": "IRIS",
		"authType": "bio",
		"mandatory": false
	}, {
		"authSubType": "FINGER",
		"authType": "bio",
		"mandatory": false
	}, {
		"authSubType": "",
		"authType": "pin",
		"mandatory": false
	}, {
		"authSubType": "FACE",
		"authType": "bio",
		"mandatory": false
	}, {
		"authSubType": "",
		"authType": "otp-request",
		"mandatory": false
	}, {
		"authSubType": "",
		"authType": "kyc",
		"mandatory": false
	}, {
		"authSubType": "",
		"authType": "demo",
		"mandatory": false
	}]
}